City,Population,Land Area,Population Density
Atlanta,498044,136.4,3651.348973607038
Chicago,957109,567.3,1687.1302661731008
Boston,678394,947.12,716.2703775656728
